{
    "camera_matrix": {
        "fx": 1125.508911,
        "fy": 1125.046753,
        "cx": 954.575806,
        "cy": 545.567078,
        "width": 1920, 
        "height": 1080
    },
    "distortion_coefficients": {
        "k1": 0.083039,
        "k2": -0.111354,
        "k3": 0.046669,
        "k4": 0.000000,
        "k5": 0.000000,
        "k6": 0.000000,
        "p1": 0.000029,
        "p2": -0.000123
    }
}